Date,AAPL,MSFT,GOOGL,GOOG,AMZN,NVDA,META,TSLA,LLY,V,UNH,JPM,XOM,JNJ,WMT,MA,PG,AVGO,HD,ORCL,CVX,MRK,KO,ABBV,PEP,COST,ADBE,BAC,CSCO,TMO,MCD,PFE,CRM,ACN,CMCSA,DHR,LIN,NFLX,ABT,AMD,TMUS,DIS,WFC,TXN,NKE,PM,UPS,CAT,VZ,INTU,INTC,MS,COP,AMGN,NEE,UNP,BA,LOW,IBM,BMY,QCOM,RTX,SPGI,HON,GE,AMAT,AXP,PLD,LMT,DE,BKNG,NOW,ELV,MDT,SBUX,GS,SCHW,SYK,ADP,BLK,TJX,ISRG,T,MDLZ,GILD,MMC,REGN,VRTX,ETN,LRCX,ADI,CVS,ZTS,CI,AMT,CB,SLB,BDX,C,PGR
2022-02-28,-0.05406588026391046,-0.037212072471850544,-0.0018217598466265805,-0.005950656107063246,0.026672518265588474,-0.00412484030843463,-0.3263423603377099,-0.0707681586632628,0.022834636964363275,-0.04288101982692938,0.006983145320589301,-0.045760525720665246,0.0438304473768496,-0.0386766397054944,-0.033259279301361744,-0.06615248065126689,-0.028419916304055715,0.002662618137007744,-0.13938093393876105,-0.06394787893635667,0.10798667848001053,-0.06013729915242649,0.020160702578653433,0.07947998359776798,-0.05636245373610527,0.029511168874872817,-0.12468649941837828,-0.04204579844994771,0.0017962881935014163,-0.06416650483917752,-0.05133327545418109,-0.10912890078118165,-0.09500066904373972,-0.10622765920067945,-0.06461297585835468,-0.03981953496606716,-0.0798292698408718,-0.07636846119793739,-0.05366378712377451,0.0795623311850382,0.1390404101887579,0.038399702359162236,-0.003538462953588839,-0.052927749324352624,-0.07780113285822277,-0.01730681277468027,0.048162377912353005,-0.06935887798068963,0.008266117099348325,-0.14563343896860814,-0.015498444910281739,-0.11507726569427035,0.07579724454481473,0.005643647909903127,0.007469164073368395,0.010650895917688086,0.025469390255788094,-0.06863295438526573,-0.07175500140096658,0.058252392495556915,-0.021449614821449248,0.145038119464449,-0.09343235350574275,-0.0669268443843467,0.010901661316532474,-0.027051938829100397,0.08185961236657868,-0.06995280390333669,0.1224696234959739,-0.04351750563988721,-0.11558015917604114,-0.010003834363818576,0.024626490035276838,0.014494032228085096,-0.06168208422327315,-0.0377524579113957,-0.03490207294893888,0.0616810042323912,-0.00839112847610013,-0.09605803431422477,-0.07815904466539991,0.021641192395626785,-0.0709804538918789,-0.023124108782912045,-0.1205590165797662,0.011520504048301294,0.01605343180954555,-0.05361036254141549,-0.02613120404721414,-0.048430517426286235,-0.01767239873403481,-0.026852009624092843,-0.030732242455257408,0.03176257931884341,-0.09793238287021244,0.032238371855545234,0.007478473238307082,0.06744313524332535,-0.08328442488637988,-0.02512418348608314
2022-03-31,0.05747340960084668,0.0318618808863933,0.029694853609089744,0.03527662273448717,0.061437285030015776,0.11915728063371844,0.05368905793770118,0.2380088093327557,0.14570917202104328,0.026142970528644893,0.0748294382016148,-0.038645952889222235,0.053175169461291416,0.07692775617535275,0.10606649679968383,-0.009533876784966533,-0.019821776535350777,0.07915366492692377,-0.046523738508600254,0.08898258054538943,0.13076381064161002,0.08095904359981776,0.0037692111041416343,0.09704256086878105,0.02895371030342586,0.10900333350491476,-0.025786857995771295,-0.06286107590944534,-0.00017934261565932808,0.08636185688970088,0.010254662811093107,0.10289739962156852,0.008502391845821355,0.06711595807623194,0.0012831214184640949,0.06988299055465919,0.09368312323278727,-0.0505170668933852,-0.0187365683284223,-0.11350738134973604,0.041717450346858476,-0.07611479550541012,-0.09199932911541575,0.07935761512572492,-0.012324885598060664,-0.05797128927122863,0.01919979429064833,0.18786651951770583,-0.05086644611117974,0.013639281035770834,0.03899360302100563,-0.03680824817837447,0.05733527905342495,0.06773223159041075,0.08227955241479923,0.11083550719160473,-0.0674003924453016,-0.08536131466889918,0.061301181824294115,0.07133954072330662,-0.10775340307564374,-0.03534564378621907,0.09177536371015149,0.02545437504328607,-0.0411245469396746,-0.017883643491839685,-0.038758062531798365,0.11285272907346022,0.01751961796088275,0.15693339298251696,0.08111402977183801,-0.0397123205621398,0.09019039216245206,0.06307610323440982,-0.0089334478082852,-0.027086046571626388,-0.00177596654451051,0.017780360790279115,0.11853882647168024,0.03410269767276186,-0.08350997515465408,0.03909346822048132,-0.002532672077065534,-0.035882925030319535,-0.0031824228537257193,0.09658319184846587,0.12947150439088717,0.134553501318875,-0.011025853991690648,-0.039217775386441,0.030507267312271047,-0.023540753656300706,-0.026129668503884096,0.012463756172936158,0.10733018759325086,0.05438135246221254,0.052752203564193634,-0.016235218599830348,-0.09842989120827639,0.07608790122491893
2022-04-30,-0.09713073168237485,-0.09986698977276831,-0.1794668555643626,-0.17674968613657893,-0.2375250931362105,-0.32027415738186826,-0.09844396172676295,-0.19194510982164714,0.020114058533478252,-0.03895932031266647,-0.0027845445840430916,-0.11792293211468519,0.03220730888938084,0.018224880918186193,0.02733009959190924,0.018199998759026448,0.05661490686450943,-0.11956859924459284,0.0035746333829611565,-0.10930586670814146,-0.037830792528526946,0.08092633090952828,0.0420968831388675,-0.08624776370352227,0.02586937507412168,-0.07513229629536144,-0.13096436405256728,-0.13440091247278785,-0.1155771532654537,-0.0638788186447109,0.007602699917316658,-0.05215375492612051,-0.17134515649888415,-0.10667984254845941,-0.14599749679183904,-0.14386526472192573,-0.023385232164517822,-0.49181771411043895,-0.037239161798539366,-0.21785257447068018,-0.04059218127083897,-0.186133025131612,-0.09966965323058607,-0.07210598195316642,-0.0732758377677889,0.06450907413282447,-0.160776011612065,-0.05058042054952672,-0.08002013258435481,-0.12793022668618126,-0.12046000267490509,-0.06999906436091796,-0.04479990927311195,-0.03568769125871596,-0.16161031741170717,-0.14245450940820492,-0.2227676431441743,-0.018101737893124747,0.016843612370417205,0.03067248519928789,-0.08591813428557349,-0.041990424231168166,-0.08211037635196583,-0.005498943929375444,-0.18524590375122407,-0.16274675105917424,-0.06306988380405298,-0.007369477819326398,-0.02102399282671019,-0.09124827406052916,-0.0588217315464582,-0.14148217147449071,0.02180285343382593,-0.059396178819182244,-0.17950963032524336,-0.07455312106364476,-0.21326055381034148,-0.09758746374015792,-0.04113559039687642,-0.1825379096051466,0.011554932879595636,-0.20677536176906464,0.07197016440067139,0.027078849425181017,-0.001850292240967888,-0.04819168351386238,-0.05628418218333042,0.04694026111315419,-0.04441197623111204,-0.13364719719605245,-0.0653831857813808,-0.045268700756505686,-0.05848479940795548,0.029923497101504992,-0.03547360673047717,-0.03482945085208988,-0.05567660624597648,-0.04748210922009333,-0.0878912487263015,-0.057337707364610746
2022-05-31,-0.05449607802587231,-0.018077126948618627,-0.0030452858143851236,-0.008067548974579397,-0.03276431760316645,0.006739631089716092,-0.03406994457756973,-0.12919748573786138,0.07656234570322451,-0.002602984112851092,-0.02314417250684786,0.10782498520149253,0.13763461424571322,0.0012393278160320875,-0.15616992552317666,-0.015163122141288232,-0.07891620177648895,0.04642932859868676,0.007822928282455122,-0.020163220714394692,0.12399866324110209,0.037659085106417134,-0.019037364198428497,0.003335983658546482,-0.02306227004974193,-0.1231851219285156,0.05184997637672084,0.04260102885828765,-0.08023683737456411,0.026495551340299794,0.012241125100882488,0.08971953632371887,-0.08923494788213837,-0.006325837571730553,0.11368216113304253,0.050531548443270013,0.04077439740834987,0.03719269703905259,0.03488989568180889,0.19106647110246278,0.08242645725835218,-0.010660170575031325,0.0547837115787706,0.045297379405307536,-0.046912577646566644,0.06250005093429811,0.021302101094765602,0.02522082006692483,0.10777537300138507,-0.01024489963113595,0.027096271368337144,0.06886725678438643,0.18157967834558986,0.10983639728426975,0.07182665077643913,-0.05638842183072201,-0.11717282229579373,-0.012289403509816776,0.06288628889722903,0.002391309803041697,0.025270209429406387,0.008200103700452654,-0.06949113240541627,0.005701203826047996,0.05016771367204065,0.06548988321604843,-0.03371309337024031,-0.2046913704099057,0.024859210505398188,-0.052363889023489874,0.015043138346460871,-0.02223385222151819,0.015300968100841805,-0.04034108632450095,0.05912233988005755,0.07647272403776917,0.06009265973430056,-0.02801962439678729,0.02181691727802404,0.07107632420588961,0.04284353727242096,-0.048725463908947164,0.12884420764799343,-0.014268100377978765,0.09285483158770713,-0.010822383953161374,0.008541829145267021,-0.016726474283729975,-0.03874019973739429,0.11651938259691308,0.09589328252705132,0.006449722380907463,-0.03565578555907667,0.0871627325969846,0.06269191516466854,0.02344390888659187,0.1824516829018752,0.03483149958216858,0.10786145484286025,0.11195975424044535
2022-06-30,-0.08142974117673296,-0.05532058023055164,-0.042184592019335,-0.04092024523459725,-0.11645921262241288,-0.18797104855446056,-0.16726915663985453,-0.11188774122303669,0.03442441840430588,-0.07201772571505427,0.03760565044291764,-0.14837779960845277,-0.10791660318306107,-0.011251566468058027,-0.05480838193043169,-0.1184508641369687,-0.027657717376940116,-0.1556416952647176,-0.08834985641968196,-0.028504004260580085,-0.1710753770184945,-0.0012371355952195406,-0.0002442079292834798,0.03928883810068995,0.0004125666328975708,0.028012543977312232,-0.12106226492917938,-0.1583522107230495,-0.05349613258537489,-0.042235168826563196,-0.015708151164365858,-0.01150070005670878,0.029954990192343267,-0.0697244828807666,-0.11382108582970651,-0.038063763119842386,-0.11116659984078614,-0.11431324475857818,-0.07500426053275844,-0.24926368778234786,0.00937804833793221,-0.14523723796581167,-0.14419929516284113,-0.13074226772009345,-0.13796211001257275,-0.05902161665885597,0.001591131385066502,-0.1718322710536928,-0.010528385568669196,-0.07001872289886768,-0.1578118029279325,-0.11701886494949953,-0.19449183207115062,-0.05234879426982164,0.023384709299747675,-0.02957508405329856,0.04048712002536159,-0.10563240415031327,0.016926109173550197,0.02763252257121107,-0.10339024945715991,0.010407886509081532,-0.03553864607971491,-0.10231382804076794,-0.18577051145854284,-0.22431581998040961,-0.17581594699478442,-0.070474285808103,-0.023062389492583546,-0.15990664855197445,-0.22043986140017513,0.017220330228566283,-0.05060185368785963,-0.09696397561505365,-0.026879024774036697,-0.09126516580051625,-0.09871601137308816,-0.14869323891670605,-0.05338807434894133,-0.08321812089041469,-0.12144094944117434,-0.11830079400802285,-0.015500398863927178,-0.017556519190777053,-0.03496747431233638,-0.029384222882423483,-0.11073500381045076,0.048911278417897774,-0.09098132910589007,-0.17776947017284217,-0.13248214764446398,-0.04227387878083533,0.005616210038514202,-0.013502158798680997,0.0038382471008386876,-0.06572869910578738,-0.22193212503393545,-0.0329774012208679,-0.13892528254365732,-0.0260513340616062
2022-07-31,0.18863355865381526,0.09309646124365667,0.06751835422466801,0.06644725130429885,0.27059597129750057,0.19816616240515073,-0.013333295482073626,0.32376526434081954,0.01683995107151559,0.07730204140248653,0.055896287228325736,0.03348220155207304,0.1318310271155898,-0.01684415913504711,0.08611624668178708,0.12315283710396874,-0.027666782007034207,0.10224149039637509,0.09724030303137687,0.11905148748984806,0.13123366755044374,-0.020072360935630806,0.020028567627643934,-0.054241669803187675,0.049802000790567735,0.13135183516739102,0.12036277619092006,0.08609061711125943,0.0736011354173931,0.10147625016624429,0.06679348336409174,-0.029144996452699523,0.11500249490087011,0.10696694276479612,-0.037381980923068214,0.14969229313145171,0.05032527995688718,0.2860982454180876,0.006201336405678992,0.23538642229191908,0.06332692654697114,0.12394064363478563,0.11998979907445162,0.17193799340489457,0.12446184860910448,-0.016102782755445633,0.06765648628885779,0.11675333721203685,-0.07840150686499314,0.18546678515988324,-0.029403703777843182,0.11884479473556109,0.08484574630626196,0.01713946272414124,0.0907566776192823,0.06573520201495486,0.16522817536714518,0.10275726836496446,-0.0736597486222682,-0.0418182702174319,0.13558790114592,-0.030173693957161296,0.11828763143590804,0.10730123524300583,0.1608293031329624,0.1648713723205537,0.11109521646277587,0.12673172086857787,-0.0375616432689061,0.14595787843036767,0.10674729541868677,-0.06069142416373319,-0.011355574141981406,0.030863391988805056,0.10983100334481088,0.12244981045084669,0.09290923209631674,0.07952544726307531,0.14797185824888048,0.09874555734989898,0.09507604126740254,0.1467788872982121,-0.09207353932754869,0.031406083223426196,-0.03332801985466305,0.0601174458627336,-0.01596941850934752,-0.004897281099278228,0.17779189357009795,0.17449258834625625,0.17708268486289347,0.03859570191283246,0.06396556519554619,0.04493024919083233,0.05962666832063501,-0.0403906413540579,0.03551447595372448,-0.00900494274246344,0.13963413748364206,-0.009561350555669867
2022-08-31,-0.031207934352051825,-0.06666302242408051,-0.0696354753728693,-0.06421465966189166,-0.06061504624052039,-0.16896982067391075,0.024072824797842562,-0.07248867234513756,-0.08334066307898691,-0.061515472035846175,-0.042427290235068305,-0.014129628461167276,-0.004242571374596937,-0.06930977719375475,0.008158174435402676,-0.08315671079148834,-0.00698285718536984,-0.0679203290577729,-0.03534976664305711,-0.04740493373397803,-0.026156127026227716,-0.04454885489283289,-0.03833573865970763,-0.06306165964034316,-0.015375018136937868,-0.035470069963374096,-0.08943722108769736,-0.005915306842997459,-0.014326526642653992,-0.08871827199945037,-0.03686467362898305,-0.1045337561741434,-0.15161400123632507,-0.05812062293924625,-0.03544779407321874,-0.07396988299583729,-0.06337763997849577,-0.005958187524484293,-0.05687252039887514,-0.10161954430055886,0.0062911307887085766,0.05636195516432707,0.0032100659829381595,-0.0764715082817099,-0.07370349540018806,-0.01708708705474482,0.005526569839592099,-0.06829762674714535,-0.0948257889880515,-0.05346693124207158,-0.11202864509541222,0.010913419213559372,0.1284225333190827,-0.021474333427768055,0.011628601947051509,-0.006718525003283959,0.005900461087261721,0.013626948573892683,-0.005517421159446978,-0.08633769361357746,-0.08305372773728859,-0.031512859903944035,-0.06354348579688529,-0.011246233621056811,-0.006359137764371137,-0.11010970816090337,-0.013115159748135374,-0.0607271029625176,0.021955503557187894,0.06431017908935877,-0.03093464584984007,-0.02695564511307791,0.016788829773777048,-0.04971889598166723,-0.002724511061267254,0.005374005557431838,0.030758433034380195,-0.04447029722971019,0.013644619987449591,-0.004169088362912077,0.024276376325762294,-0.10613890980634921,-0.06602782655305817,-0.03404130355316981,0.062259463925187664,-0.015796630548088664,-0.0010830594993351816,0.004814400648638584,-0.07416156957371167,-0.12507244955612706,-0.11456563536310194,0.025815142648218714,-0.1425363159235531,0.029379666469907084,-0.06195763464597359,0.0021735291566749027,0.030245879557789346,0.033195568220727445,-0.05953756932482479,0.06596563893768659
2022-09-30,-0.12097710334453271,-0.1092668882821547,-0.11615227825759356,-0.11910215133545154,-0.10862189009783763,-0.1955342233050228,-0.167249746670188,-0.03758929611475259,0.07343220500401637,-0.10598357883036125,-0.024464810667571668,-0.08115722624661525,-0.086619945974304,0.012520096331021469,-0.021501399925080156,-0.12340844305044985,-0.08474705852304654,-0.10293702995537757,-0.04327028161822699,-0.17639920823830513,-0.09104133157564276,0.01703689654325946,-0.08558691808932262,-0.0018591434336716617,-0.04593284496138905,-0.09544152644463211,-0.2630676670740144,-0.09553767433509874,-0.10554575428322843,-0.06942365632655301,-0.08538132768385209,-0.032500434748809925,-0.07865743763365618,-0.1080218941659421,-0.18955513056358686,-0.04215187964871203,-0.04295491868585344,0.05314011903985105,-0.057379327876939,-0.2534464644764812,-0.06800505757394382,-0.15836901953977212,-0.07984438363307711,-0.06313190899216536,-0.21692103851467492,-0.11827557671628375,-0.1695028409483923,-0.1116886577351538,-0.09184399417595313,-0.10296915775719961,-0.19266918599490368,-0.07287038496327947,-0.051515636250818675,-0.06200587824836101,-0.07818001978600653,-0.13224353504083552,-0.24443056579685063,-0.03260532965009766,-0.07504874030036368,0.05459122291139318,-0.14583814826981611,-0.08791092870261352,-0.13297168687868388,-0.1181938674989822,-0.1559528486914905,-0.12905285182344606,-0.11243428650574283,-0.17881473757823985,-0.08050266094756209,-0.08286269621463371,-0.1239998136221877,-0.13117208229283894,-0.06115740165963812,-0.07420820844329468,0.002260131947146249,-0.11909714497972101,0.012967180794128952,-0.009618721696337706,-0.07054782027814877,-0.16806805712152462,-0.0036888573754955134,-0.08894722738969618,-0.12542749244800522,-0.10773514084837277,-0.017022096134934883,-0.07485900024872016,0.18554021617659577,0.02761214689681646,-0.024004779942998544,-0.16097610788605476,-0.0804462102514737,-0.02832401472248469,-0.05264185334224203,-0.017271345226860024,-0.15489076941172097,-0.03377682896789558,-0.05463195934339293,-0.11424966610083986,-0.14628155228587536,-0.052507126602705734
2022-10-31,0.10955143690994151,-0.0033060821950284813,-0.011918446120881665,-0.015496597401181478,-0.09345130582826322,0.11187081407891908,-0.31338436990689533,-0.14216779156971604,0.11980826525754629,0.16611312278665058,0.09921985178833093,0.21537079807103732,0.2691558326671535,0.06494863889935099,0.0973785612336957,0.15604366883441245,0.07426337318867615,0.05880497406999341,0.07316807222476251,0.2849407176073051,0.259135549583831,0.17510441553200873,0.0683684881691442,0.10192717758360903,0.1122138384939837,0.0638094626012371,0.15734006494300012,0.1933774566398736,0.14629969063544324,0.013367696467607493,0.18167630278572422,0.06375670333979455,0.13035317350783915,0.10828783878650183,0.09179238689875846,-0.025630204289668224,0.10297118824872187,0.2397213806326408,0.02735459648719596,-0.05208332079026845,0.1296116838859247,0.12943919058054076,0.14346100210331092,0.046070322543036335,0.11501441738827722,0.1064931623603178,0.03856640582207782,0.3280618285993009,0.0007845588678987436,0.10582399702300682,0.10322080742532957,0.050080623020443804,0.23206947676319456,0.19942332133797125,-0.01160563371352441,0.01190838667874794,0.1769903563900086,0.04366322958696922,0.1639593425914747,0.09804413945839108,0.0414232760376938,0.1583191167553597,0.05207128965389329,0.22189610498192347,0.25682442391663485,0.07762720373185483,0.10456376334862161,0.09005906572389555,0.25988237015654314,0.1854800725531549,0.13770000481384392,0.11421839081574503,0.2037029694179,0.0816100286049577,0.027652315671649053,0.17560160983859285,0.10852904469121927,0.1318258359942015,0.06857060106857182,0.17378428532058865,0.16065684894847698,0.3149274328341394,0.20950372515558024,0.12128392611041905,0.27184312078654926,0.0857431979877532,0.08692497177588066,0.07757128822351844,0.1252999856895587,0.10595627998765234,0.02353970025966956,-0.001031059461578887,0.018952103861353375,0.16430595815679094,-0.027942448656991248,0.18149335397299993,0.4493033963607873,0.05896870533734844,0.1005520456082003,0.10580014416169492
2022-11-30,-0.03302744487626408,0.10222295817899818,0.06856412634716214,0.0717303298483889,-0.05759470309709913,0.2541550089557236,0.2677113979349861,-0.14432626046795272,0.0276868128699137,0.04984077870824333,-0.01331176678792756,0.09771200488327692,0.0128716441604515,0.02976898807316264,0.07089152911498009,0.08598945448838191,0.1075964090966135,0.1721051321707876,0.100699178307192,0.0635327323576449,0.02116082251337703,0.08814242746193335,0.07036150879052872,0.10095628956513747,0.021643259670682147,0.07527428995537688,0.0829827085581829,0.050221907791345055,0.09443104204241437,0.08998591029343306,0.006111525177250776,0.0861365920520607,-0.014392006830652115,0.059986032031062786,0.15437936119355467,0.08638283463313079,0.13159575758336595,0.04676577246860303,0.08732568369194627,0.292540717255801,-0.0006597443015127213,-0.08137786835406091,0.04933296094276596,0.12345133542375253,0.18353485050420693,0.08513871761604097,0.14147218109212067,0.09216492637889995,0.04308268552738004,-0.04657309815419608,0.07197063036399731,0.13265184103632865,-0.016718073547754786,0.06666417746745767,0.09845345471149503,0.10292173191789278,0.25521024333652575,0.09027963854557419,0.08956040269350796,0.036272147271498856,0.0819011826081506,0.04723527552261708,0.10082189100877792,0.08138988060009233,0.1048709033484998,0.24438627364562704,0.06156941641538771,0.06356656199586674,0.0031551254344377444,0.11414279861713927,0.11231463984464685,-0.010552841527930124,-0.025330608691637058,-0.0950308148534097,0.18705809415747132,0.12821795397191926,0.038893926415219715,0.020284397558969935,0.0928424367421179,0.10851365281848291,0.11486395387968251,0.0970504049550236,0.05759741836298238,0.09970714667091918,0.11942388785556313,0.07238829373158406,0.003939916136268762,0.014102544540014028,0.09476404676747197,0.16700431382610859,0.2053709337168701,0.07581849829102194,0.022284130224824894,0.01804615578548363,0.06786040604068688,0.021871517708033528,-0.009225450814156155,0.05665982538582082,0.06782000305026559,0.02920551216748457
2022-12-31,-0.12227258987503209,-0.06004539505712314,-0.1263490917590525,-0.12538190215814482,-0.1298943525647971,-0.13644154876422154,0.018966959294757002,-0.3673343490707852,-0.014120910895370264,-0.04258059058909969,-0.029110618322305326,-0.029526582639143317,-0.009340701743224544,-0.0075843558969335145,-0.06623459006814025,-0.024326514011161593,0.016089948355684447,0.023166078620880937,-0.02509336503823567,-0.015536632977612541,-0.02083892674908394,0.014212654366612565,0.0,0.0026678865468519053,-0.0200693681350953,-0.15345397678222983,-0.02435275005029791,-0.11985111672739013,-0.04183421337307114,-0.016494799000676408,-0.033945543157874236,0.02214241131670036,-0.17260532706464504,-0.1132821000285732,-0.045578566935418285,-0.02828659455205551,-0.027228584471360784,-0.03485744096826815,0.020542776943407448,-0.1656576203187402,-0.07566358250278582,-0.11229186864969076,-0.13889462199172709,-0.084450758582309,0.07000776658246788,0.028392622096403697,-0.08375054262279313,0.013324221656713986,0.010774925951826386,-0.04506976805817309,-0.12105089767206179,-0.08649402296261144,-0.038651130003428014,-0.08296091884919388,-0.012986890939823525,-0.041780141380553415,0.06490384779426561,-0.06262049535009995,-0.05379446368320362,-0.10376181205203938,-0.13084039393358704,0.022285233797614046,-0.050623647769082014,-0.02391256418770571,-0.02441601766442625,-0.11149633493656053,-0.06244035685292426,-0.036539600504425174,0.002679338128036779,-0.02503533592838214,-0.030859084556873806,-0.06733125054338596,-0.035083868765651505,-0.007953219731936079,-0.029354213666644924,-0.11076003884358532,0.008723025461791378,0.04857478932845272,-0.09132511167397106,-0.0034704420217412935,-0.005621537651745889,-0.018639773186428177,-0.045124504593783255,-0.008486945252686673,-0.014436940914027696,-0.0444623508890003,-0.04018893372631194,-0.0872945500947887,-0.03976755476182903,-0.10693230426889322,-0.04159034716732257,-0.08529639134366418,-0.04924104376028282,0.010909670304851904,-0.03535744720368739,0.008459987976744854,0.04059565050673686,0.023671870271576134,-0.06568891777434727,-0.01846366632088947
2023-01-31,0.1105210724435679,0.03331659441642776,0.12025379777029377,0.12554940795883485,0.22773806254069018,0.3368686848642699,0.23790930491991347,0.4062347847991097,-0.05928826369069873,0.10805742911076588,-0.05845187392390061,0.05140814827187823,0.051767982673949886,-0.0748938394072749,0.01466962484398704,0.06749911433295819,-0.05467505496588787,0.04628620612320633,0.026309222288438683,0.0862699037151966,-0.030475230683449706,-0.03190626132487806,-0.03600066808853675,-0.07707113371951946,-0.05335988313747786,0.1196934593768848,0.10046651912528914,0.07125602552287225,0.029783041353977913,0.03566436476734536,0.014685183266211599,-0.13026129017519306,0.26683766392639874,0.05003526649576462,0.13400571241091153,-0.003918388098923198,0.014593152708356705,0.20001349529341295,0.011481391148900455,0.16025946303524585,0.0664999825613839,0.24873390070809887,0.13514161558701665,0.08021353780367435,0.08819760264316212,0.02993764522770581,0.06552001483756609,0.05816159688625677,0.07166282781011168,0.08813705753525825,0.06923950031688397,0.1540231108658714,0.03279650165693737,-0.038988798255577994,-0.10729675267776906,-0.013908349505977524,0.11816890050771578,0.050600012203506184,-0.04372213011100179,0.017717122014310416,0.21166102705397094,-0.010602473440675775,0.11942442630236871,-0.027158237596957235,0.23039599005926892,0.14489630768992856,0.1880630333261768,0.14681098068985055,-0.04775012843589865,-0.013807329646145727,0.20782226900025402,0.1721998036443304,-0.02530356464037975,0.07681417101920562,0.10020155984359391,0.06532109247744744,-0.07014181899236716,0.03812008556882707,-0.05463452798937396,0.07137709688836846,0.02839189381061047,-0.07409083553757223,0.12244133429629955,-0.018154532211277608,-0.022247995575292556,0.06059262699729051,0.05125501527295917,0.1188448212109321,0.03351390852246139,0.18986445096308224,0.045357592863073615,-0.04679349478282813,0.1318925984275079,-0.04427475297487726,0.054422695819918765,0.031233009265573042,0.06584361605965072,-0.00817933724988118,0.1545433790809474,0.05199277233321209
2023-02-28,0.023183053214862914,0.009017872575108443,-0.08883042396401863,-0.09582456625247004,-0.08629878923214462,0.18830940193522494,0.17433040886015605,0.18756497670132144,-0.09275917592290173,-0.04274026892984195,-0.046575420778514176,0.02422115124841273,-0.04529136301434722,-0.05542589696492772,-0.012094292938135354,-0.041311388319649756,-0.03385311114099021,0.015862973120301493,-0.08523307954145742,-0.011982809861271981,-0.06797353425835606,-0.010892865783131422,-0.029517358647046632,0.041624207358929466,0.014676577021750292,-0.05109597587792247,-0.1252632299767431,-0.033258222439504936,-0.005136646918023735,-0.050093896990313524,-0.007353220331316135,-0.08129528009826448,-0.02595701957888763,-0.048378510815235365,-0.0554002929794809,-0.0637340637219741,0.05266818946810847,-0.08966817889065937,-0.07987336939682366,0.04564205236901575,-0.04775303060342273,-0.08185083812582006,0.004231768043936546,-0.032503930056141384,-0.06706986156796879,-0.06657703898834078,-0.006114874332123543,-0.05049739131114972,-0.06639401499479747,-0.036648012504667093,-0.10708521934066484,-0.008527671062526387,-0.14818955626546004,-0.07407703007209887,-0.04209007941788179,0.02198059222518034,-0.0537558542170995,-0.012004839846192716,-0.028514554640039713,-0.0507915740619479,-0.07266728914221154,-0.012221295399398868,-0.08761583466366607,-0.0766778017130787,0.0525596617567099,0.04423731704585587,-0.0053735158392475,-0.04548272585861801,0.03019025827702082,-0.00851385038473329,0.036933527273719235,-0.050447105681353355,-0.060641130494148876,-0.010634376213959351,-0.059908686857903404,-0.038708552236954796,0.009589398033040153,0.03573544551736618,-0.02652666476787713,-0.09191138864041515,-0.06078661536750962,-0.06634377829698279,-0.0716741198333104,-0.003973097859071295,-0.04062436424261451,-0.07300897533147976,0.0025709814262304675,-0.10154749903682148,0.07841673965996154,-0.02817437087656105,0.07496270688627704,-0.05304917113939145,0.009124363885151032,-0.07758866467496972,-0.11361295327200449,-0.07239875201334567,-0.06174535279957394,-0.07005785638791329,-0.019725333261509603,0.052585234286769644
2023-03-31,0.11864858379034593,0.15588152132413913,0.15178776558866813,0.15171646163056796,0.0961476943206232,0.19666247662826386,0.21150108313501725,0.008507121398494633,0.10346387658054179,0.025097813626911103,-0.0035020986358866857,-0.09096614322265506,-0.0022745903997206662,0.011353285921560374,0.04168267043785567,0.022854502606244775,0.0809101841120905,0.0872763904714593,0.0024183022981232316,0.06315793084920807,0.014865898247723441,0.008374072579614866,0.050341164758275436,0.03554262393431307,0.0576379570830694,0.026209298581463703,0.18959710015662457,-0.1607726793814287,0.07971911686292943,0.06457243153831604,0.05948995720949002,0.005669169596874912,0.22107449443195493,0.07629465496362853,0.019908642529973486,0.019332079599940544,0.02411767550564914,0.07248628115847233,-0.004522145835681335,0.24726393296541094,0.01870870585972728,0.005220325668910508,-0.20076976855331674,0.0849227211699759,0.035353914920579044,0.012928293092632659,0.0630171073412813,-0.04470888655588745,0.0020612957573433732,0.09492111286246208,0.3104690933624845,-0.09015539329211242,-0.03411287485191794,0.04355524615728834,0.0851752980187932,-0.029042865594953282,0.053981589974124056,-0.028092299514904773,0.013843687473195532,0.005075517753227343,0.03909433555203301,-0.001631158749201722,0.010462964548766385,-0.0018800052289935643,0.12960234125992476,0.05751182648062492,-0.051957047432284464,0.018485486030100917,-0.0032260595178472684,-0.012089157758205737,0.05087555947281097,0.07531755277234575,-0.017878832544663603,-0.017975101858036302,0.019982306239772374,-0.06312480233592155,-0.3277719985471119,0.08885947169716202,0.018518807173964813,-0.022428528747943655,0.022976525739570874,0.11369284581039851,0.01797998459456407,0.07553760972737833,0.04011045506901323,0.027198691634353844,0.08054759393038813,0.08536290623127729,-0.01568937992875008,0.09471830307250872,0.07494409635908283,-0.11048603208143515,-0.0033531884793840394,-0.12145086117546255,0.03196806684185205,-0.07570919754214656,-0.07724111047215088,0.05948123589272969,-0.0749655128040545,-0.003205155164624718
2023-04-30,0.028987311880735778,0.06576501269176793,0.03480182072813687,0.040576934814453125,0.02091195675834423,-0.0010080183276059973,0.1339058438987164,-0.20799193945263272,0.1526990574272249,0.03224510809536141,0.04126200136307179,0.0691805791556257,0.07915362026398332,0.05612907980362247,0.02387253608584028,0.04737408966361212,0.05830306387060147,-0.023443539107953937,0.01836539993771713,0.023640231219459018,0.03321891445013048,0.08534637713477844,0.0341770889832107,-0.04304318474685398,0.04712005301941535,0.012780020714510343,-0.02026623156330265,0.02377619096403505,-0.08942384841384687,-0.03725033148906065,0.05772326216205115,-0.04681369986642325,-0.0070577819137293,-0.015462522814550295,0.09965869261657923,-0.060030077528551384,0.03941596895425348,-0.04500989294909519,0.09640602167580514,-0.08815426182359576,-0.006489936931601159,0.023669258080411426,0.0634029024727727,-0.1011235590277012,0.03326808734852249,0.027969185457108026,-0.0730966203898471,-0.038683438540446535,0.014981377186871203,-0.002445009608584181,-0.04928054040951957,0.03358985969704231,0.03709304979193151,-0.00831429187117172,-0.005838162358033028,-0.027625952810545917,-0.0265969688428489,0.04450265249332519,-0.035700588826785395,-0.028717656107187794,-0.08449602185027238,0.020116499631030127,0.05165767168656887,0.04562570357608298,0.03525110644135121,-0.0797850822738746,-0.018261778871595524,0.003847146800046941,-0.017515279449497823,-0.0844314104984194,0.012780885160173172,-0.01140469052127524,0.019225305489709354,0.12813189412531112,0.09757043281275912,0.04992215922534671,-0.002672818578617342,0.04967250271329182,-0.011813295824328995,0.00310856585859276,0.005870368190961317,0.17908169171094235,-0.06905971705893232,0.10040164839643717,-0.00915999478603624,0.08569590143898154,-0.024194634459448472,0.0814422289193153,-0.024629397485637416,-0.01139360795584099,-0.08792210953296398,-0.005348269986454768,0.05838451474515427,-0.008766129768166153,0.0076856991750309245,0.03800596882211682,0.005091687399671141,0.06774665477870556,0.014843936160724436,-0.045892663006034895
2023-05-31,0.04605830594257987,0.07110546129722883,0.1446805192707965,0.13999262017177494,0.14348037288458837,0.3634365543386049,0.10153126311937077,0.2411295460159617,0.0877005031133884,-0.0484212657358748,-0.009855915881571642,-0.01830148646856944,-0.12906319516882048,-0.0456327324483079,-0.02346223578550688,-0.039496926418279066,-0.0887582243818753,0.2896408986285355,-0.05007443977384052,0.11845439798482404,-0.09778777337240774,-0.043820871474110734,-0.06999225198363535,-0.08708308316851632,-0.044737740877463184,0.01869355277045681,0.10655263069834309,-0.05088792402964615,0.05121692815244727,-0.08369078281684539,-0.03597637543289833,-0.01179204968020009,0.1260775842175641,0.09144102551213873,-0.04882765255188293,-0.030771243590036246,-0.04273925796267819,0.19792083096463586,-0.07667240349044824,0.32270331712609934,-0.04621260721712128,-0.14185366746855943,0.009343993393575056,0.047958743589456176,-0.16934971111359443,-0.09962992302030704,-0.06231834729986252,-0.05964355617952011,-0.08241051156320955,-0.05592973306701965,0.01637949892433932,-0.09125261586398914,-0.02991588158657721,-0.07094409983024874,-0.035215241046665624,-0.009581561452262077,-0.005222951143390886,-0.032237878716347756,0.031116166129124156,-0.034895801091253564,-0.022281061975400696,-0.07200808424076,0.015943293233770417,-0.03620250472199538,0.02586639373811339,0.18237222467842162,-0.01723074400205593,-0.005588788092434127,-0.03756375693929115,-0.08475735107030302,-0.0660906727778997,0.18579951542003847,-0.04444681658353433,-0.0900493876113736,-0.14142816993912366,-0.04971393524819134,0.013944998180577706,-0.08032706829520153,-0.05004547019727845,-0.020336802586724767,-0.02160932044231345,0.021977276045281657,-0.1097907071127896,-0.04314389057888712,-0.06410405969109334,-0.03890339778433338,-0.08260265441543269,-0.05036246620142282,0.05793854455048808,0.17672876694923367,-0.012174726100838584,-0.07202281462175508,-0.07264769254606429,-0.02321445659135024,-0.09760747255559443,-0.07819006654281202,-0.13211752512195696,-0.0853164833899076,-0.058423643478600185,-0.06224336842802913
2023-06-30,0.09433002163424264,0.036998685689418,-0.025799672234710913,-0.01945368786939905,0.08110796675057008,0.11821053968155626,0.08408888509737622,0.28362672689273194,0.09202259179545891,0.07442430382576459,-0.00949624064689858,0.07169689268747503,0.04961833152891271,0.06745780264774348,0.0701980653884362,0.07747521853147221,0.06484219926992418,0.0793247478805148,0.09592521174967072,0.12412677470773015,0.04468199573082732,0.052087243311797815,0.017073954233993938,-0.023412663443899584,0.022834549264311166,0.052427882266433024,0.17042049889471578,0.04062382541887466,0.04167512078360103,0.026820928506752884,0.05220455832325599,-0.035244661682068856,-0.054257364629993865,0.008695014896171305,0.05590845590855342,0.046408608729026524,0.08143084698289615,0.11451554282301846,0.06882347883572026,-0.03637590267884627,0.012021813453438002,0.015006817969115183,0.07209237307900129,0.035311757598230686,0.05199793126126884,0.09903263818617014,0.07335330404079055,0.19586877966489502,0.043783260263513535,0.09321912373729013,0.06361322473557074,0.04452057342475979,0.04967298443910528,0.006208948406464243,0.010073480438225868,0.062850563973613,0.026543542998889835,0.12215978406763228,0.04059414758483504,-0.007604005469007191,0.0496428628129828,0.0631646845017595,0.09106502637138081,0.08298539583359021,0.08194620401541375,0.08432104426261167,0.09863772026625273,-0.008359626053875857,0.03686852718889955,0.1747610775662114,0.07635616541269963,0.031553912555194685,-0.004681148503387522,0.07290593232803477,0.014543219879171954,-0.004198781652330452,0.07572597770598732,0.10985527747467128,0.05778525944867541,0.058813133891593594,0.10418023306088675,0.11077185066649653,0.013986032973310358,-0.0011503017008375194,0.0113584257050372,0.08603769166538888,-0.023138859627686914,0.08758536235249337,0.14326330240320662,0.04529259379417261,0.10159875495067516,0.016169284171726472,0.05643833997211889,0.13948422007793115,0.060130241179894295,0.041124528262037385,0.15309667913148317,0.0959875962361263,0.03880872806959501,0.034868245432487566
2023-07-31,0.012785474453273382,-0.013566659862442099,0.1087719682907824,0.10035545397325141,0.025467873963526566,0.10465231119331153,0.11018187297614213,0.021622049507798113,-0.030768914743165232,0.0010527042196617487,0.05353274734641089,0.09354248958674782,-9.33073057827194e-05,0.012143514106774056,0.01705058367426715,0.003941473818878771,0.03654137062420193,0.03599141371855974,0.07468445981020633,-0.01216378815098329,0.040101708167346706,-0.07574311387468113,0.028395865988205538,0.12252859919400882,0.012093755957246488,0.04140194254092977,0.11693489400135704,0.11537118871828245,0.01342527326393772,0.0515763740192261,-0.017459171579842225,-0.005949948546158157,0.0650856781100364,0.028900591802428766,0.09694619880564659,0.06274998982747393,0.025165390976652935,-0.0034506777619693896,0.026086357296625895,0.004301622754951495,-0.008135274828489636,-0.004368272793243699,0.08153697358703282,0.006914358999528414,0.0001811782419931518,0.021511969012873555,0.04396097690868905,0.08304489104880686,-0.06721993919403646,0.11871832139136074,0.06967703763541877,0.082047399473824,0.13618380182109702,0.05463467965879043,-0.012129298295148971,0.13390680192119664,0.1311327995888596,0.04287314520916152,0.07749788802348978,-0.018881969455998737,0.11029903521871787,-0.10238873749140842,-0.015914601635582004,-0.06443371592947866,0.040732588155650395,0.04877544825890534,-0.02721511043514857,0.01728779902197175,-0.030431403660094225,0.060243351304402504,0.10016181832516136,0.037421980520707665,0.06153637446727833,-0.00385920935050299,0.025338204315839885,0.10333597596970234,0.16619618281451065,-0.07106097524013999,0.12498294763102069,0.06903081854082593,0.020521278853927294,-0.05129557355000447,-0.07342397336191686,0.016314707597763878,-0.012066956128951922,0.0054990896328892536,0.0325242795555325,0.001221882502078886,0.020984555365422874,0.11764615407109602,0.024228742260948177,0.08928838074501977,0.09461496472530562,0.05167498105702406,-0.018717153950274956,0.06153929296716898,0.18770361199495555,0.055338755392390304,0.03518674744995787,-0.04754908633657884
2023-08-31,-0.09187788773359018,-0.030011914417574115,-0.00708259819741186,-0.00405674467475603,-0.002842531753760924,0.03141516490261109,-0.08192092154271813,-0.1393822492515816,0.21475325634397846,0.01709429025741782,-0.02830932241899642,-0.05742032001918074,0.009701709375777634,-0.013131958241941244,-0.0037899422700743424,0.019148797342862345,-0.016570673623294563,-0.028676368810040986,-0.01767311874312627,-0.010492223165673442,-0.01420168917567377,0.03478667633748156,-0.024061050431985365,-0.018017163332185726,-0.04552281211674458,-0.03998784239132147,-0.04753091848654445,-0.10189688205718994,0.07148342314682621,-0.00865745677195362,-0.0335607996104742,0.010676603074629032,-0.07617439139632398,-0.0016279900063254082,0.0074017435173110435,-0.001646664208286297,-0.028899091706229174,-0.05412672779359029,-0.05313034059321642,-0.09003499051027375,-0.022664567480295217,-0.05248060465248017,-0.08300493226259431,-0.06622221204969614,-0.10861489201977348,-0.04748295780574574,-0.09473949758635525,0.031036618214724587,-0.015258228574677846,-0.02329492504079045,-0.06303762587794415,-0.08136737818799711,-0.009639696380873142,0.11414353588199955,-0.07442021287779288,-0.0341349798427073,-0.07385387874766647,-0.029367843758652534,0.006877603977099911,-0.009406642505076612,-0.157675695139619,-0.014653620955477398,-0.0033840002524888613,-0.027157511527861056,-0.009453730933609128,-0.03260503777829338,-0.05194285724611758,-0.001603181949837218,0.023478305219813755,-0.08978120757969676,0.03976538569542076,-0.046312178387650116,-0.02397004549909887,-0.06597539624645277,-0.05920194937944634,-0.08703319776063212,-0.11522034461922781,-0.02295262975462209,0.017188385078130697,-0.07362788817278487,0.038780981264180614,-0.103205860353479,-0.018595072262501566,-0.031094029280697155,0.01418442132535036,0.021613432723049275,0.12893077699366695,-0.009507879146093301,0.09385184862968976,-0.0695903919046802,-0.11970628302992914,-0.10135224859261216,-0.023446242479515544,-0.044256175155796273,-0.0607429862166573,-0.010664878897873709,-0.01079878413554114,-0.0001435953830415393,-0.12126218180708181,0.04849970485907873
